{
  "urls": [
    "ch2.ogg",
    "ch2.m4a"
  ],
  "sprite": {
    "silence": [
      0,
      1000,
      true
    ],
    "AllSymbolReveal_2": [
      1050,
      599.9999999999999
    ],
    "CoinSelect_2": [
      2100,
      2298.344671201814
    ],
    "SymbolReveal_2": [
      5150,
      1674.0589569160998
    ],
    "WheelGoldWater": [
      7200,
      3040.340136054421
    ]
  }
}