{
  "urls": [
    "ch3.ogg",
    "ch3.m4a"
  ],
  "sprite": {
    "silence": [
      0,
      1000,
      true
    ],
    "AllSymbolReveal_3": [
      1050,
      598.7074829931973
    ],
    "BonusTransition": [
      2100,
      4914.058956916101
    ],
    "CoinSelect_3": [
      7150,
      2166.8707482993186
    ],
    "SymbolReveal_3": [
      10200,
      1500.8390022675737
    ]
  }
}