{
  "urls": [
    "ch5.ogg",
    "ch5.m4a"
  ],
  "sprite": {
    "silence": [
      0,
      1000,
      true
    ],
    "BonusTransition": [
      1050,
      4914.0589569161
    ],
    "CoinReveal": [
      6100,
      1999.6825396825404
    ],
    "DoorReveal": [
      8150,
      2469.5238095238087
    ],
    "MatchReveal_1": [
      11200,
      1999.7959183673472
    ]
  }
}