{
  "urls": [
    "ch6.ogg",
    "ch6.m4a"
  ],
  "sprite": {
    "silence": [
      0,
      1000,
      true
    ],
    "MatchReveal_2": [
      1050,
      1999.9999999999998
    ],
    "UI_BetDownBtn": [
      3099.9999999999995,
      1041.8820861678003
    ],
    "UI_BetMaxBtn": [
      5149.999999999999,
      1589.6371882086173
    ],
    "WheelSpinStart": [
      7200,
      2292.131519274377
    ],
    "WheelStartButton": [
      10250,
      2000.3854875283444
    ],
    "WheelWinSegment": [
      13299.999999999998,
      2303.6054421768704
    ]
  }
}