{
  "urls": [
    "ch8.ogg",
    "ch8.m4a"
  ],
  "sprite": {
    "silence": [
      0,
      1000,
      true
    ],
    "BonusSymbolReveal": [
      1050,
      2280.0000000000005
    ],
    "CoinBonusReveal": [
      4100.000000000001,
      2280.0000000000005
    ],
    "UI_BetUpBtn": [
      7150.000000000001,
      1067.8458049886617
    ],
    "WheelBonusReveal": [
      9200.000000000002,
      2500
    ]
  }
}