{
  "urls": [
    "ch1.ogg",
    "ch1.m4a"
  ],
  "sprite": {
    "silence": [
      0,
      1000,
      true
    ],
    "AllSymbolReveal_1": [
      1050,
      599.8866213151928
    ],
    "CoinSelect_1": [
      2100,
      2298.253968253968
    ],
    "GameEnd_NoWin": [
      5149.999999999999,
      3749.999999999999
    ],
    "SymbolReveal_1": [
      9200,
      1500
    ],
    "TotalWin": [
      11250,
      3305.283446712018
    ],
    "WheelWaterIdleLoop": [
      15299.999999999998,
      4119.410430839002
    ]
  }
}