{
  "urls": [
    "ch4.ogg",
    "ch4.m4a"
  ],
  "sprite": {
    "silence": [
      0,
      1000,
      true
    ],
    "AllSymbolReveal_4": [
      1050,
      599.9999999999999
    ],
    "CoinSelect_4": [
      2100,
      2335.555555555556
    ],
    "DoorCollect": [
      5150,
      2396.938775510204
    ],
    "SymbolReset": [
      8200.000000000002,
      1418.9569160997735
    ],
    "SymbolReveal_4": [
      10250.000000000002,
      1497.8458049886622
    ]
  }
}