{
  "urls": [
    "ch7.ogg",
    "ch7.m4a"
  ],
  "sprite": {
    "silence": [
      0,
      1000,
      true
    ],
    "UI_BuyButton": [
      1050,
      1996.1451247165535
    ],
    "UI_Click": [
      3100,
      999.9999999999995
    ],
    "WheelSpinLoop": [
      4149.999999999999,
      2471.337868480726
    ],
    "WheelSpinSlow": [
      7199.999999999999,
      4114.98866213152
    ]
  }
}