{
  "urls": [
    "ch9.ogg",
    "ch9.m4a"
  ],
  "sprite": {
    "silence": [
      0,
      1000,
      true
    ],
    "BackgroundMusicLoop": [
      1050,
      33488.36734693877
    ],
    "BonusEnd": [
      35099.99999999999,
      2597.709750566892
    ],
    "BonusMusicLoop": [
      38149.99999999999,
      6315.782312925173
    ],
    "GameEnd_Win": [
      45199.99999999999,
      2793.628117913833
    ]
  }
}